firstName,lastName,email,age,signupDate
Stephanie,Ballard,robertsjennifer@yahoo.com,75,2024-04-08 09:25:46
Diana,Burgess,marianelson@horton.org,35,2023-05-28 21:32:05
John,Santiago,briangutierrez@kennedy.net,72,2023-01-22 12:55:22
Richard,Donovan,wsantos@yahoo.com,41,2023-10-03 02:27:09
Justin,Brown,amandasharp@gentry.biz,53,2023-02-19 06:19:50
Sarah,Johnson,vlopez@yahoo.com,77,2022-07-19 09:17:35
Albert,Bradley,justin88@small-anderson.net,49,2024-05-18 05:31:54
Joshua,Lamb,jessicawong@hotmail.com,27,2023-03-07 10:27:26
Alexis,Rogers,gregorychase@yahoo.com,74,2024-03-16 14:23:08
Zachary,Miller,tinawoods@smith.com,30,2024-04-15 03:57:36
Karen,Finley,greenmichael@gmail.com,24,2022-08-26 16:36:56
Elizabeth,Marshall,tparks@vaughn-fowler.com,19,2023-12-14 03:28:57
Christina,Robinson,vhernandez@brooks.net,29,2025-03-18 19:41:16
Margaret,Gill,xrice@stark.com,48,2024-09-18 22:17:47
Rebecca,Harris,markmeyer@frazier.org,39,2024-06-19 13:16:49
Christopher,Dixon,aanderson@elliott-hansen.com,70,2022-06-25 00:06:51
Randy,Velasquez,williamsmelvin@weaver.com,80,2024-05-24 12:32:34
Anthony,Ortiz,ybrooks@kane-knox.biz,79,2022-09-23 20:23:21
Felicia,Stanley,david86@anderson.com,45,2023-08-28 16:13:52
Steven,Ball,pmorrow@yahoo.com,69,2023-11-10 22:13:23
Eric,Lopez,pachecorobert@allen.com,25,2024-11-29 20:17:44
Arthur,Harper,joymorales@fernandez.com,39,2024-07-12 23:03:05
Victoria,Young,joel28@gmail.com,66,2024-02-23 15:05:41
Kevin,Brown,dpeters@david-powers.net,18,2023-09-29 07:44:04
Heather,Russell,iwhite@yahoo.com,67,2023-05-31 12:23:52
Melissa,Turner,jmelendez@faulkner-grant.com,51,2024-01-15 13:45:52
John,Harris,fboone@hardy.org,76,2024-12-13 19:00:57
Benjamin,Jones,vclark@krueger-smith.com,54,2022-11-20 10:19:03
Julie,Webster,randyallen@rowe-james.net,72,2025-02-22 22:32:14
Michael,Green,ugarcia@yahoo.com,80,2023-10-01 15:36:53
Robin,Wood,hartjeffrey@gmail.com,37,2022-06-16 09:10:28
Jose,Donovan,elijah53@yahoo.com,42,2024-10-23 07:44:43
Martha,Porter,kathryn77@yahoo.com,55,2023-02-07 12:39:27
Jessica,Bell,iwhite@bernard.com,45,2025-03-25 05:20:02
Brandon,Smith,carloshernandez@wagner.com,25,2025-01-05 23:01:11
Dana,Peck,ismith@hotmail.com,25,2024-02-20 04:15:50
Alexander,Moreno,andre62@gmail.com,58,2022-10-18 19:17:41
Alice,Allen,joseph61@yahoo.com,25,2024-02-11 22:15:06
Stephen,Sanchez,gabriella10@sullivan.net,24,2024-05-30 15:12:33
Brian,Smith,porterryan@knight-hodge.com,79,2024-08-19 15:39:15
Samantha,Hall,brandon14@hotmail.com,82,2024-10-13 13:37:23
Dominique,White,alibrenda@hotmail.com,85,2024-01-30 22:00:16
Sarah,Evans,irhodes@reyes-singh.com,38,2024-07-08 03:21:48
Julie,Reed,ehall@jacobs-austin.org,25,2024-01-28 10:36:51
Tanya,Nguyen,whenry@hotmail.com,83,2023-12-26 09:23:08
Ryan,Frazier,bartonkenneth@gmail.com,28,2022-09-13 08:58:50
Christopher,Moore,gstewart@smith.info,41,2023-12-02 07:08:58
Kathleen,Garcia,ryanhawkins@russell.com,26,2024-12-04 11:24:47
Carly,Nguyen,carterpaul@gmail.com,26,2024-10-07 09:29:13
Rebecca,Spence,rjackson@adams-thomas.com,48,2024-03-27 10:21:31
Joshua,Evans,johnathan37@jensen.com,69,2024-01-26 20:55:08
Martin,Oliver,pcook@hotmail.com,33,2022-12-19 15:32:27
Kevin,Morrison,zedwards@carter-neal.info,49,2024-11-01 18:47:18
Kimberly,Nguyen,kdiaz@gmail.com,23,2024-11-27 04:16:36
Wendy,White,nhahn@salinas-guerra.com,28,2024-02-16 18:21:24
Emily,Taylor,johnnymoore@yahoo.com,71,2023-12-28 19:41:21
Charles,Ewing,sferguson@yahoo.com,84,2024-09-12 17:00:54
Benjamin,Schmitt,mackdiane@jackson-salazar.org,58,2025-02-17 04:57:32
Erica,Ross,grodriguez@yahoo.com,51,2023-05-02 01:15:10
William,Stone,dbrooks@chapman.com,44,2024-06-10 03:27:48
Dan,Perry,guerrajessica@collins-gibson.com,58,2024-08-08 17:01:18
Timothy,Alvarez,tflores@gmail.com,48,2022-11-16 23:08:33
Andrew,Cooper,sarahyang@thompson.info,51,2023-05-17 08:39:14
Lauren,Soto,vfoster@ware.com,68,2025-05-20 22:54:03
Jason,Ramirez,lloydamanda@nguyen-ellis.com,34,2025-03-29 02:00:51
Michelle,Rose,lcarr@gmail.com,56,2023-11-13 16:01:24
Michael,Ellis,samantha91@anderson.com,76,2023-12-23 02:18:42
Heather,Dixon,baileyhenderson@yahoo.com,58,2025-02-02 09:40:16
Amanda,Ellison,tracytaylor@wilkinson-harvey.com,27,2022-06-06 01:44:57
Todd,Lee,fortiz@yahoo.com,19,2024-04-10 16:26:42
Tracy,Miller,kellyhill@roberts.info,76,2024-09-22 03:43:49
William,Armstrong,amber07@hotmail.com,30,2023-04-26 16:17:11
Veronica,Garcia,nancy07@bailey-montoya.info,27,2022-11-20 12:55:15
Kimberly,Young,imartin@gmail.com,45,2023-04-08 15:50:11
Linda,Hudson,mariopadilla@yahoo.com,82,2024-10-27 21:34:58
Joseph,Hodge,sydneyfloyd@riddle.com,51,2025-05-15 19:31:44
Michelle,Wright,kathleenlowe@yahoo.com,34,2022-12-29 00:59:43
Barbara,Adams,ohayes@gmail.com,62,2024-02-06 23:49:05
Zachary,Ramirez,uclements@hotmail.com,26,2022-05-26 00:39:21
Misty,Boone,sreid@horn-flynn.biz,49,2023-04-25 13:44:28
Tammy,Summers,marcus45@hotmail.com,65,2024-11-04 23:22:50
David,Phelps,williamsconnie@yahoo.com,54,2022-06-16 11:27:56
David,Mathews,bsmith@gmail.com,38,2025-04-25 21:01:07
Regina,Khan,nancymcdowell@gmail.com,74,2025-03-04 01:15:39
Michael,Miller,sanderskevin@fischer.com,56,2022-05-23 20:57:11
Jason,Miller,ssmith@montoya-mcneil.biz,85,2025-05-04 07:48:14
David,Jones,crosscurtis@yahoo.com,19,2023-12-14 04:08:44
Nicole,Taylor,caseyelliott@santos.com,56,2024-02-20 18:06:36
Christina,Ramos,mosleydonald@lawrence.com,31,2024-03-19 05:13:31
Leonard,Taylor,wrightcarolyn@hotmail.com,35,2024-12-21 01:09:55
Justin,Pugh,jamie98@adkins.com,51,2023-05-28 23:44:05
Troy,Rodriguez,ricetiffany@yahoo.com,32,2023-09-25 19:24:30
David,Valencia,amy27@gmail.com,31,2022-06-17 02:40:43
Brenda,Smith,livingstonstacy@hunter-fuller.net,37,2024-02-26 12:52:48
Rodney,Morales,christopher18@mccann.net,52,2023-10-11 18:35:12
Peter,Walters,holly30@miller.com,54,2024-04-25 11:22:48
Cheryl,Brown,smithderrick@martin.net,44,2024-08-02 15:55:04
Krista,Le,david41@rogers.com,61,2024-08-12 23:09:12
Caleb,Joseph,xgibson@porter.com,44,2023-12-14 08:50:48
Eric,Ayala,joycesmith@sanchez.com,51,2024-01-07 02:57:44
Samantha,White,pwalker@moon-flores.com,82,2024-10-26 00:51:28
Nathan,Shaw,jeffreyblack@finley.info,80,2023-08-03 17:36:56
Kiara,Collins,msmith@elliott-torres.org,50,2023-06-03 00:38:22
Steven,Vargas,jessicapayne@gmail.com,24,2023-01-11 01:58:27
Adam,Ortiz,cynthia05@blake.com,29,2022-10-30 15:57:11
Jamie,Bird,jwoodward@hotmail.com,72,2023-07-30 21:05:42
Christopher,Morse,stephen19@gmail.com,53,2024-07-15 08:09:56
Dennis,Wilkins,grahamtamara@carter.biz,23,2025-05-14 17:23:48
Marie,Nguyen,jesus32@hotmail.com,18,2022-11-07 11:15:16
Eric,Martin,richard85@gmail.com,60,2024-04-23 05:08:33
Kyle,Baker,mooregina@terry.com,34,2023-01-07 14:21:53
Christopher,Wright,rpalmer@yahoo.com,51,2023-06-30 08:10:25
Lori,Thompson,jhawkins@gmail.com,38,2022-10-16 08:04:01
Steven,Lara,smithmaria@anderson.com,74,2025-04-22 07:01:18
Crystal,Newman,johnsoncaleb@hotmail.com,72,2024-04-10 00:46:14
Lisa,Davis,williamssteven@gmail.com,19,2024-10-29 16:24:23
Ryan,Ramsey,reyesronald@yahoo.com,32,2023-04-20 17:38:57
Rebekah,Hill,austinharvey@gmail.com,27,2025-02-20 16:44:26
Kenneth,Jenkins,millerpatrick@yahoo.com,37,2023-03-28 00:46:43
Dawn,Robles,mayokimberly@castillo-harrington.com,22,2024-10-16 21:27:17
Wayne,Price,floresjeffery@brown-frey.net,65,2023-11-28 10:31:00
Katie,Key,wrightjohn@velasquez.com,36,2024-11-01 11:48:36
Meghan,Salinas,gregorywatkins@hotmail.com,73,2025-05-09 21:51:22
Michael,Vargas,annalopez@yahoo.com,34,2024-09-10 08:19:22
Kyle,Henry,halljeffery@woods.com,23,2023-11-02 12:52:14
Jennifer,Sellers,johnsonbrenda@gmail.com,57,2022-11-10 11:52:19
Meghan,Valencia,janet69@rogers.com,64,2023-01-21 20:37:23
Jessica,Kim,grant89@yahoo.com,23,2023-05-03 23:20:21
Elizabeth,Olsen,jessica42@gmail.com,63,2022-05-24 23:29:00
Stacy,Fry,whitelucas@hotmail.com,44,2023-04-30 08:01:28
Danielle,Garcia,markmiller@yahoo.com,49,2023-09-30 12:58:21
Gary,Mcclure,sean43@steele.com,31,2022-11-06 00:16:28
Jennifer,Williams,acosta@yahoo.com,63,2023-12-31 11:52:51
Michael,Bennett,franciscojones@gmail.com,70,2023-08-23 07:26:34
Andrew,Green,petersonpamela@dennis.com,37,2023-10-29 04:09:49
Brooke,Austin,reynoldsdesiree@hotmail.com,48,2024-03-26 16:36:59
Eric,Garcia,robertspencer@fernandez.com,38,2022-08-07 06:59:46
Philip,Dunn,briansmith@gmail.com,40,2023-08-22 18:03:07
Madison,Weber,collinclark@hotmail.com,70,2023-08-18 11:58:21
Tiffany,Wells,kristen77@baker.com,21,2024-01-04 17:45:36
Mike,Griffin,omarshall@yahoo.com,40,2024-10-14 17:05:25
Bryan,Goodwin,barnettlindsey@arellano-lawrence.net,60,2022-08-24 22:05:29
Mary,Cardenas,parmstrong@yahoo.com,70,2023-08-29 10:28:01
Christian,Orr,davidtodd@rush.com,49,2023-03-17 13:48:07
David,Henderson,wendyburton@hotmail.com,52,2023-06-26 19:09:11
Luis,Acosta,hughesray@gates-stone.com,38,2025-05-14 05:42:33
Cindy,Mills,perryeddie@hotmail.com,31,2024-11-12 08:13:44
Katherine,Ayers,floydmikayla@humphrey-baker.info,66,2024-10-26 19:01:29
Chelsea,Johnson,mthomas@hotmail.com,22,2025-05-03 18:01:07
Richard,Foster,brandonalvarez@yahoo.com,78,2023-12-21 18:02:54
Andrew,Roth,juan71@gmail.com,46,2022-12-16 22:42:29
Kevin,Manning,jessica91@gmail.com,43,2024-04-07 08:50:28
Jason,Holloway,lori82@gmail.com,76,2023-09-17 11:57:44
Jenna,Powell,jameswhitaker@wright.com,62,2023-12-03 00:12:34
Janet,Hill,hreid@hotmail.com,57,2022-07-08 15:55:52
John,Burns,susanwells@hotmail.com,47,2023-11-16 12:26:49
Max,Monroe,mitchellpaul@gmail.com,46,2024-10-27 03:46:46
Kimberly,Lewis,ericaadams@palmer-hancock.com,21,2024-05-27 16:04:39
Rhonda,Holland,johnnytrujillo@marquez-fletcher.com,42,2024-03-10 13:06:55
Paula,York,jeffery48@hotmail.com,69,2024-01-29 03:22:21
Breanna,Smith,kenneth17@gmail.com,60,2023-10-26 14:00:57
Vanessa,Davidson,diana43@gmail.com,53,2024-08-02 18:33:19
Kathy,Yoder,erin07@yahoo.com,26,2023-06-29 04:33:54
Rebecca,Sullivan,matthewreeves@nichols.com,53,2024-07-18 06:31:17
Kevin,Jackson,connor24@stokes.com,62,2025-03-03 19:32:41
Christopher,Kelly,vfrench@yahoo.com,83,2023-06-30 22:48:18
Brenda,Ford,obrown@carpenter.com,69,2024-07-07 15:36:06
David,Becker,jbrown@gmail.com,60,2023-03-29 08:03:03
Matthew,Benitez,lesliebaldwin@gmail.com,21,2024-06-17 14:47:03
Marvin,Hatfield,smithjoshua@gmail.com,32,2024-11-02 09:41:16
Kathy,Burns,christinaschultz@patterson-woods.com,51,2022-07-19 18:57:16
Amanda,Cross,katherine83@rhodes.com,40,2023-05-08 16:14:59
Heather,Cooper,reyesbrianna@brown.com,51,2023-08-16 23:17:55
Stephen,Meyer,ibarron@yahoo.com,22,2024-06-21 15:38:19
Michael,Lopez,perezjessica@gmail.com,31,2023-04-15 06:11:42
Jessica,Lawrence,richardsondebra@brooks.com,73,2024-08-29 20:45:36
Cindy,Wheeler,valdezandrew@wilson.com,62,2024-05-28 03:13:48
Jacqueline,Harris,robert18@dean-haynes.biz,58,2022-11-01 03:56:20
William,Williamson,glovertyler@hotmail.com,73,2023-03-28 11:38:58
Kimberly,Decker,jade42@kelley.info,83,2023-10-17 18:14:56
Jimmy,Smith,conleyelizabeth@herring.com,32,2022-10-26 12:50:07
Rebecca,Newman,joseph01@gmail.com,67,2022-07-22 11:03:03
Melissa,Ward,grodgers@gmail.com,42,2022-06-06 05:03:47
Melissa,Alvarado,michael79@johns-davis.com,50,2023-03-02 06:19:08
Daniel,Ross,mary76@hotmail.com,23,2023-02-05 06:24:52
Daniel,Horton,dalepruitt@pham-gregory.com,73,2024-12-26 20:13:55
Noah,Howard,timothyfreeman@alexander-brown.com,18,2022-06-10 09:16:29
Janet,Gregory,april91@stanley-wright.com,84,2025-03-18 05:22:44
Erica,Cruz,schneidereric@christian-booth.com,43,2024-06-23 22:25:02
Malik,Rivera,hunterandrea@yahoo.com,64,2024-02-07 15:42:31
Lisa,Miller,fmiller@yahoo.com,73,2023-09-25 04:04:50
David,Jimenez,powellbarry@smith.org,26,2025-02-05 13:35:48
Kevin,Romero,xclements@velasquez.com,60,2024-10-08 08:23:23
Katrina,Greene,wwilson@hotmail.com,58,2023-05-01 15:47:03
Aaron,Kelly,jacqueline02@yahoo.com,33,2022-12-26 08:46:40
Lydia,Newton,kingjames@gmail.com,56,2024-01-22 12:41:44
Jason,Summers,daniel60@monroe.info,82,2024-05-01 17:06:31
Dominique,Blanchard,vsmith@tran.org,57,2024-06-10 09:27:40
Sandra,Norman,jessicaanderson@sandoval-obrien.com,70,2024-07-13 07:02:24
Nicole,Barnes,raymond54@ballard-taylor.org,59,2025-05-13 14:52:36
Olivia,Hunt,jamesweber@yahoo.com,69,2025-04-22 19:10:38
Michael,Chambers,jennifer58@aguilar-bender.biz,55,2025-04-03 14:04:18
Julie,Skinner,hstokes@gmail.com,34,2022-06-30 10:39:59
Oscar,Brown,josephfloyd@vega-thomas.com,42,2025-04-28 23:41:41
Kristen,Harris,lisa19@stevenson.net,71,2024-01-16 07:11:54
John,Mueller,housepaul@hotmail.com,66,2023-09-19 21:02:16
Tammy,Brown,christinenorman@yahoo.com,40,2023-05-07 13:30:36
Rhonda,Bush,kimberlybrandt@yahoo.com,56,2024-04-18 09:29:09
Gregory,Fleming,jillwilson@patterson.com,69,2022-12-10 05:41:04
Eugene,Singleton,steven20@mcfarland.com,18,2025-01-17 15:48:42
Christina,Stanley,charles58@gmail.com,56,2023-03-03 19:35:22
Abigail,Hartman,zdaniels@bailey.com,54,2023-10-18 11:30:28
Michael,Robinson,wilsonmichael@gmail.com,44,2025-02-12 21:48:12
Christina,Oliver,patrick16@fernandez-campbell.net,73,2023-12-25 15:54:06
Willie,Hicks,phillipsdenise@yahoo.com,59,2024-07-28 11:50:09
Christopher,Davis,clarkcrystal@hancock.com,77,2023-04-06 13:00:52
Amanda,Park,burgesseric@yahoo.com,74,2023-10-19 11:41:54
Benjamin,Jones,angela93@russell-hayes.biz,74,2024-03-24 20:47:46
Leslie,Price,maychristine@richards.net,45,2022-11-03 01:28:21
Keith,Jennings,kathy76@short-johnson.com,83,2024-08-27 21:34:21
Jeffrey,Francis,kennetheaton@hotmail.com,78,2025-02-21 17:25:46
Nathan,Herring,williamsashley@medina-arroyo.com,39,2023-04-13 11:47:31
Kaitlin,Berger,robertbrewer@hotmail.com,28,2022-12-29 11:33:52
Eugene,Walker,dannylambert@hotmail.com,54,2022-08-14 16:11:44
Melissa,Randolph,robertscarlos@gmail.com,83,2023-03-24 20:42:50
Jessica,Freeman,david31@yahoo.com,60,2025-01-08 13:40:30
Chad,Lee,qmurphy@yahoo.com,29,2025-05-03 10:26:44
Breanna,Cunningham,susan20@yahoo.com,48,2023-06-08 14:31:37
Kristen,Joseph,mary25@yahoo.com,57,2024-05-10 04:41:27
Sean,Hampton,thompsoncatherine@yahoo.com,46,2022-12-25 16:05:35
Patricia,Gonzalez,mcclainmelissa@johnson.org,43,2023-04-17 16:44:45
Rebecca,Arnold,michaelwalker@hotmail.com,36,2023-08-17 05:41:16
Dennis,Mason,acox@allen.com,21,2024-07-28 20:51:27
Donald,Moore,ccrosby@juarez.com,23,2023-07-06 20:24:01
Mike,Williams,paul70@hooper.com,49,2025-05-19 09:38:30
Tanya,Schultz,beth92@yahoo.com,78,2025-03-02 15:14:05
Nicholas,Matthews,nicholas38@gomez-parrish.info,27,2024-06-09 02:49:10
Paige,Smith,emartin@schneider.com,76,2024-12-12 09:23:43
Jennifer,Wilson,ushepherd@olson.info,71,2023-04-14 12:03:55
Brittany,Holland,sanchezdavid@hotmail.com,42,2023-01-27 11:46:57
Dennis,Hunt,jacksonsandra@mullen.com,67,2025-03-15 04:05:48
Lori,Valentine,eobrien@jackson-greer.org,81,2022-12-29 21:08:48
Laura,Hoover,gary57@garza.com,69,2022-06-16 21:57:08
James,Heath,catherinethompson@hotmail.com,49,2024-12-08 23:07:55
Benjamin,Bowers,olsondavid@ryan.biz,36,2024-08-10 03:40:20
Robert,Golden,shawnaolson@yahoo.com,18,2023-11-17 16:42:14
Brianna,Figueroa,eanderson@kent.com,31,2024-12-06 14:24:29
Nancy,Ortiz,fletcherkristine@mills.com,72,2025-04-24 14:15:18
Linda,Ortiz,ronaldrichards@wyatt-henderson.com,46,2024-12-27 17:01:04
Joshua,Becker,jarnold@white-hansen.info,40,2023-06-20 09:58:08
Vanessa,Lane,melissahopkins@hotmail.com,84,2023-05-14 02:56:52
Sean,Lyons,lewisrichard@owen-mendez.com,77,2023-01-26 21:12:00
Paul,Fields,thomasburke@brown.com,24,2022-09-23 12:33:01
Chelsea,Ramsey,jennifer90@gmail.com,49,2025-02-09 20:14:35
Troy,Smith,arthurgreene@hotmail.com,33,2025-05-11 04:32:46
Jesse,Jackson,john02@shea.com,76,2025-03-27 11:15:48
Randall,Willis,calhounandrea@gallegos.com,35,2023-05-08 17:21:39
Catherine,Lee,greenrichard@gmail.com,77,2024-10-05 23:42:55
Charles,Phillips,nancy94@ramos.com,85,2023-10-31 19:55:25
Susan,Ellis,olsonjonathan@yahoo.com,58,2025-01-30 13:04:36
Kristina,Robinson,robert58@smith.com,74,2024-01-31 21:39:53
Emily,Nicholson,thomasgomez@adams.com,82,2024-07-05 08:29:47
Jillian,Young,jamie33@kelly.com,72,2025-04-06 00:33:17
Stephanie,Vasquez,charlesnathan@vasquez-galloway.org,75,2023-07-22 23:14:33
Travis,Joyce,kwalker@gmail.com,38,2022-08-14 07:14:34
Alicia,Henderson,phillip27@wolfe.com,78,2025-04-26 20:05:04
Alan,Craig,nguyenchloe@yahoo.com,75,2023-03-08 22:00:05
Amy,Young,michael76@gmail.com,51,2024-03-03 05:22:12
Jaclyn,Watson,shannon92@hotmail.com,49,2025-04-21 20:49:50
Jeremy,Garcia,angelachase@gmail.com,53,2023-01-03 17:54:04
Lauren,Rodgers,thompsonvictor@hotmail.com,84,2024-08-02 07:52:11
Amanda,Stewart,john90@yahoo.com,80,2022-10-22 22:30:02
Hannah,Brown,gcombs@yahoo.com,48,2023-10-24 01:21:10
Jordan,Ward,andrew15@hotmail.com,53,2024-12-17 21:57:49
James,Johnston,michael87@griffin.info,74,2025-01-27 12:23:24
Sue,Oneill,kwelch@yahoo.com,27,2022-09-10 00:21:10
Christian,Cooper,denise49@hotmail.com,54,2024-01-26 12:05:45
Joseph,Wallace,lgutierrez@gmail.com,48,2022-12-02 10:16:42
Jessica,Stanley,garrettgarcia@zuniga.net,52,2022-08-13 19:12:38
Anthony,Sanders,bakereric@huynh.com,60,2024-04-09 14:40:15
Courtney,Anderson,johnsonmichael@lin-mcdonald.net,58,2023-07-19 08:47:55
Amy,Taylor,owelch@graham.com,28,2024-06-08 09:43:44
Amber,Ballard,michael42@yahoo.com,35,2022-06-07 14:00:08
Aaron,Ochoa,justin80@weeks.com,37,2024-03-20 20:14:39
Lauren,Harper,jacob86@wright-espinoza.biz,47,2023-12-30 22:39:49
Jeffrey,Miller,justin84@lopez-jones.com,67,2023-08-15 01:20:53
Daniel,Gibson,jackie73@yahoo.com,37,2022-06-21 07:33:56
Edwin,Booker,teresacampbell@espinoza.com,45,2023-05-18 20:15:26
Christopher,Smith,robert75@terry-johnson.com,26,2023-01-04 03:00:06
Brian,Rowe,qwhite@clayton-martinez.com,71,2024-01-09 22:45:29
Kelsey,Ramos,stevenwise@wade.com,70,2023-10-06 01:07:17
Eric,Chandler,timothy43@clay-boyer.com,60,2022-11-13 14:43:51
Joel,Hamilton,laurarichards@mccormick-smith.com,77,2024-11-09 20:34:27
Kristen,Alvarez,kelli32@davis-montgomery.com,71,2022-08-23 01:01:52
Michael,Moore,tonystewart@kramer.info,25,2023-03-17 22:43:14
Andrew,Gray,rachel77@phillips.com,44,2024-09-12 16:05:44
Michael,Oconnor,caseymoore@yahoo.com,71,2023-07-05 06:49:30
Amber,Gibson,nicoleharvey@yahoo.com,67,2025-01-09 15:05:04
John,Le,alexandriajimenez@hotmail.com,20,2023-01-16 14:53:31
Chloe,Morris,davisdonna@gmail.com,66,2022-12-09 18:47:17
Gregory,Johnson,clee@may.org,79,2025-05-15 15:20:04
Brittany,Williams,smithsamantha@henry.com,18,2023-12-03 20:45:04
Angela,Hurley,laura09@yahoo.com,63,2024-08-20 23:46:44
Billy,Jones,blackburnsusan@gmail.com,56,2022-10-26 10:23:55
Jessica,Schmidt,aliciawright@meza.com,67,2025-02-07 06:05:32
Barbara,Craig,jacksonhenry@yahoo.com,71,2024-07-14 04:45:48
Matthew,Moore,rachel85@yahoo.com,46,2024-02-21 17:43:29
Kathryn,Jordan,annalewis@hotmail.com,80,2023-06-20 21:34:55
Michael,Chavez,barbertonya@hotmail.com,46,2022-06-16 12:15:07
Zachary,Holder,evansjeffrey@yahoo.com,52,2022-06-24 21:32:18
Kelsey,Harding,clintonstevens@gmail.com,73,2022-12-23 04:41:03
Joseph,Preston,jonathanevans@ross.com,80,2024-06-09 18:35:36
Gerald,Petersen,benjamin96@deleon.com,21,2024-03-26 20:29:39
Robert,Parrish,walterscrystal@torres.com,67,2024-09-06 22:29:31
Annette,Murphy,brentdennis@maddox-mullins.org,61,2024-07-14 06:07:36
Christopher,Reynolds,davidmiller@hotmail.com,69,2022-08-06 18:54:13
Amy,Baker,iayala@gmail.com,39,2024-06-07 06:32:35
Anita,Freeman,johnadams@morris-glass.com,77,2022-11-12 23:52:13
Emily,Henderson,malikwheeler@gmail.com,34,2023-09-07 16:55:23
Gary,Bailey,scottglass@gmail.com,21,2023-03-28 09:15:25
Gina,Moore,singhjohn@mcintosh.com,68,2023-11-06 10:32:13
Heather,Rodriguez,njohnson@hotmail.com,21,2024-09-03 22:45:00
Jason,Payne,jdean@hotmail.com,28,2025-05-11 15:56:09
Elizabeth,Bennett,george43@williamson.com,72,2022-09-02 15:23:54
Paul,Nelson,smithmichelle@hotmail.com,35,2024-01-12 15:04:59
Jerry,James,todd98@lopez.info,77,2024-10-09 04:23:57
Sara,Smith,matthew62@reed.com,41,2025-01-17 10:45:10
Kevin,Ferrell,garrettnatasha@gmail.com,24,2024-09-30 06:05:28
Stacy,Perez,fsandoval@hotmail.com,51,2024-01-05 22:10:01
Abigail,Gregory,jallen@waller-browning.com,66,2024-04-18 22:41:37
Amy,Clark,michelleparker@roach.com,59,2025-03-06 14:32:44
Sarah,Stark,grantstacy@gmail.com,45,2023-03-04 05:30:40
Lonnie,Hobbs,nicole66@ramos-peck.com,76,2023-01-13 05:49:20
Kimberly,Rodriguez,farmercheryl@obrien-salazar.org,59,2023-05-17 20:50:42
Jerry,Johnson,manderson@joseph-brooks.biz,61,2024-06-23 14:52:21
Thomas,Martin,ortiztanya@clements-walker.com,66,2023-04-04 23:04:51
Carl,Ho,dwatts@gmail.com,53,2024-03-16 08:53:02
Richard,Williams,phillip99@hotmail.com,71,2024-08-15 02:27:58
Danielle,Padilla,hayesmargaret@rich.net,50,2024-09-03 17:40:04
Randall,Moss,leescott@yahoo.com,28,2023-08-09 08:07:16
Steven,Henderson,stevenlucas@sharp.com,78,2024-11-16 15:31:32
Sharon,Horton,cgutierrez@white.com,20,2024-04-27 12:16:17
Christopher,Nguyen,davisjasmin@cox.net,24,2024-12-28 00:10:14
Stephanie,Gray,taterhonda@hotmail.com,62,2025-03-11 17:31:33
Michelle,Martin,kaylawilliams@collins-mack.info,46,2023-08-13 18:58:17
Courtney,Wilson,adamcannon@ellis.net,26,2022-05-31 02:50:55
Cathy,Snyder,cchavez@burke.com,23,2024-09-18 10:49:37
Joshua,Fuller,lopezbrian@johnson-nash.org,21,2024-12-14 08:33:54
Kenneth,Knapp,butlergregory@mitchell.org,49,2024-10-11 11:56:16
Gregory,Gibson,daviskevin@yahoo.com,43,2023-12-31 20:20:08
Lori,Chang,thomas14@rose-warren.com,20,2024-12-27 23:28:13
Brian,Duncan,mramsey@mitchell.net,37,2024-10-31 15:19:34
Wanda,Gomez,ostone@vasquez-white.org,48,2023-05-18 16:56:39
Jeanette,Krause,johnsoncolleen@mclaughlin.org,34,2024-02-25 07:03:27
Robert,Cook,davidsonhannah@tyler-parker.net,78,2024-09-22 13:42:01
Mario,Smith,randy99@gmail.com,32,2023-02-19 00:22:47
James,Bass,probles@gmail.com,45,2024-06-08 03:54:25
Eric,Murray,abowers@hotmail.com,77,2022-08-17 05:06:53
Mary,Evans,clarkgina@yahoo.com,50,2022-09-02 01:03:13
Tara,Ramirez,tonya82@obrien.com,65,2025-05-21 18:40:54
Michaela,Mckinney,pmiller@yahoo.com,39,2024-04-23 04:44:30
Maria,Turner,danielglover@gmail.com,32,2022-10-13 00:59:04
Scott,Johnson,jamesmclean@hotmail.com,38,2024-08-12 14:43:05
Lance,Murphy,jamiejohnson@reeves-boyd.com,57,2023-09-17 06:40:35
Sarah,Mcdaniel,steven01@miranda.com,31,2025-02-07 14:32:19
Patricia,Flores,joshua57@wilson.com,21,2025-01-13 21:31:27
Anita,Garcia,joseph49@gmail.com,57,2023-02-12 06:02:48
Charles,Austin,bwilliams@yahoo.com,66,2025-04-05 12:46:00
Brent,Reyes,tmyers@vance.info,68,2025-01-03 14:21:14
Michael,Cook,beltrankatelyn@bradley-davis.info,43,2022-10-20 06:40:48
Stanley,Cohen,ohall@gmail.com,27,2025-01-04 13:43:15
Jonathan,Cox,kristina57@johnson-alvarez.com,49,2024-06-03 17:53:45
Steven,Jackson,williamsullivan@hotmail.com,31,2022-11-04 09:00:16
Mark,Banks,amorales@gmail.com,56,2025-01-10 16:20:40
John,Moore,njones@hotmail.com,33,2024-11-25 05:25:07
Ryan,Baird,gilbertcaldwell@hotmail.com,23,2024-10-30 03:44:37
Mary,Wilson,angela72@yahoo.com,62,2024-02-11 13:32:18
Chad,Rodriguez,troy01@gmail.com,72,2022-12-23 23:38:38
Paige,Berger,donnachavez@price-lane.com,65,2023-04-06 16:04:33
Erin,Stewart,wrobbins@gmail.com,26,2024-11-12 10:05:21
Alan,Downs,melissabrown@hotmail.com,82,2022-08-12 17:10:57
Aaron,Castro,callahanmichelle@gmail.com,61,2024-03-22 19:58:23
Jacqueline,Long,bsullivan@hotmail.com,19,2023-04-15 07:09:31
Elaine,Wells,xbridges@moore-bright.com,71,2022-12-16 18:40:44
Alexander,Wong,ibarrett@taylor.info,80,2025-05-06 10:29:25
Cassandra,Simmons,jhicks@cruz-perez.biz,31,2024-12-16 08:34:39
Adrian,Jimenez,robert89@johnson-johnson.info,73,2025-05-21 04:22:43
Miguel,Carpenter,jessicafox@marshall-miller.org,64,2022-10-06 13:58:18
John,Mccoy,chloe58@harrison.info,76,2024-10-29 19:25:48
Jessica,Fisher,gary94@hotmail.com,37,2024-10-13 20:56:45
Jorge,Soto,douglaskelly@weber.net,73,2022-09-18 14:05:07
Melissa,Ramirez,joshua40@rodriguez.com,40,2025-03-11 03:33:22
Sean,Morton,toddlloyd@gmail.com,84,2023-11-05 18:45:08
Tracey,Coffey,amullins@young-alexander.com,52,2023-04-14 17:45:43
Becky,Wilkinson,karla10@marshall.com,79,2024-05-31 00:56:42
Julie,Goodwin,yvega@baker-moreno.biz,77,2022-06-09 14:44:20
Keith,Salinas,suzanne01@hotmail.com,73,2025-02-05 09:20:51
Michael,Richard,joseph14@hotmail.com,52,2024-11-14 16:08:37
Peter,Mejia,aprilbyrd@edwards.com,59,2022-09-04 17:53:07
Alexander,Davis,ubell@king-johnson.org,49,2022-10-12 00:16:20
Brian,Wheeler,ericksondavid@anderson.org,29,2023-03-05 05:07:33
Paula,Dominguez,steven17@yahoo.com,53,2024-03-15 11:32:51
Heather,Contreras,fernando14@gmail.com,75,2024-01-06 20:14:02
Paul,Ferrell,gregory17@gmail.com,49,2024-12-25 06:09:22
Philip,Brewer,amberreynolds@schneider.com,77,2022-07-15 08:09:40
Charles,Duncan,fsmith@gmail.com,66,2025-03-01 09:02:11
Danielle,Fitzpatrick,edward56@hotmail.com,61,2022-05-27 22:32:19
Zachary,Case,ugraham@gmail.com,21,2024-09-07 05:54:39
Jeremiah,Cruz,bradleysavannah@yahoo.com,81,2023-10-22 03:59:10
Evelyn,Morales,amanda51@hodges-roberts.com,59,2023-02-20 13:15:37
Angela,Ponce,heather15@miller-chen.com,41,2022-12-25 13:54:15
Austin,Johnson,yprice@schneider.info,80,2022-06-16 16:34:15
Benjamin,Brown,zwilson@contreras.net,45,2023-01-08 13:50:47
Joyce,Hall,mosstracy@ruiz.com,63,2023-06-03 04:18:50
Jacqueline,Anderson,conwaylori@bryant.org,51,2022-08-29 12:57:55
Lisa,Rodriguez,bryanharris@yahoo.com,61,2025-04-10 00:57:26
Richard,Martinez,mary30@thompson.biz,53,2023-02-07 05:50:33
Heather,Tran,sarawilliams@gmail.com,53,2025-01-28 06:22:34
Cheyenne,Strickland,amiller@howe.org,19,2023-08-05 22:43:53
Robert,Aguirre,jamiebowman@hotmail.com,84,2024-04-20 21:17:42
Robert,Hurley,jennifersalazar@burton.com,42,2024-03-02 17:55:18
Adam,Young,montgomerymichelle@romero.com,28,2023-07-25 14:22:58
Brian,Rodriguez,kjimenez@livingston.com,48,2024-03-27 10:11:10
John,Jensen,garciabrian@hotmail.com,70,2023-02-19 10:01:05
Eric,Johnson,jacobsonjennifer@riley.com,80,2023-05-14 13:49:54
Kimberly,Nguyen,joankane@vance-jones.org,48,2024-06-12 16:28:53
Brian,Graham,xthompson@ellis.com,78,2023-07-15 03:23:37
James,Martinez,derek77@jackson-cooper.com,80,2024-12-14 21:38:00
Eric,Norton,christophervincent@atkins-robinson.info,75,2024-05-10 01:30:17
Joshua,Blair,markriley@shah.biz,20,2022-07-29 21:15:01
Billy,Ruiz,eschmidt@nicholson.net,29,2022-06-10 11:36:55
Heather,Russell,michaelallen@smith.com,55,2023-01-28 12:53:58
Jacqueline,Hodge,iford@sullivan.info,46,2025-05-19 15:49:25
Cynthia,Dalton,vbarry@johnson.org,69,2024-09-10 19:53:57
Barbara,Clark,jill08@cox.info,49,2025-01-07 23:25:15
Blake,Richardson,devonrogers@wilson.org,57,2025-05-18 00:21:43
Jason,Mcgee,michael48@henderson.info,65,2024-06-15 12:18:20
Walter,Gallegos,shannon51@gmail.com,78,2024-05-02 11:14:14
Christopher,Myers,susan11@hill.com,85,2024-07-01 04:55:45
Edward,Harris,robert82@reed-wallace.com,62,2023-08-18 00:59:12
Jaime,Johnson,robert55@watkins-terry.net,72,2024-04-12 20:48:39
Stephen,Bradley,kristinaperez@yahoo.com,60,2023-08-12 19:19:30
Kayla,Williams,stephen29@gmail.com,63,2024-08-30 18:30:19
Justin,Mcpherson,johnwilliams@andrews-alexander.com,76,2023-03-04 18:59:02
Jamie,Mann,earl78@gmail.com,52,2024-08-28 04:06:15
Kevin,Knapp,dmack@yahoo.com,57,2023-01-19 14:32:25
Adam,Rodgers,thomas49@hotmail.com,50,2023-01-05 16:07:19
Lauren,Chandler,hannah70@gmail.com,47,2025-04-09 10:26:08
Andrea,Parker,seandavis@gmail.com,33,2024-12-21 21:58:23
Danielle,Silva,james18@rhodes-rosario.net,42,2024-01-24 21:37:51
James,Stewart,raymond65@watson-mitchell.com,58,2023-09-12 18:42:24
Tiffany,Sawyer,jessicawallace@lara-roberts.biz,33,2024-02-24 14:42:59
Donald,Matthews,jaredwells@hatfield.biz,41,2022-10-06 14:02:37
Adam,Fowler,dthompson@hotmail.com,42,2024-10-20 09:54:28
Karina,Taylor,froberts@carson.org,45,2023-09-06 07:12:07
Troy,Singh,moodyeric@blanchard-flowers.info,79,2022-12-01 02:06:14
Desiree,Stafford,traviswatts@gmail.com,53,2022-07-05 08:52:09
David,Ramirez,bianca96@burton-alvarez.com,85,2023-12-22 22:26:23
William,Johnston,bonniethomas@yahoo.com,54,2025-05-03 03:55:05
Derek,Martin,robert50@yahoo.com,30,2023-08-18 06:28:42
Alyssa,Mayer,kathygeorge@stephens.com,42,2023-07-17 21:10:36
Gina,Barker,madeline02@campbell.com,55,2022-10-28 06:52:02
Jeffery,Gordon,butlersabrina@fuentes.info,47,2023-11-14 02:39:33
Larry,Cox,gerald40@hotmail.com,64,2022-11-22 10:03:55
Jeffrey,Vincent,kyleclark@coleman.com,40,2022-06-20 09:36:23
Kim,Todd,danielmcguire@watkins.com,56,2022-09-02 02:20:00
Kevin,Smith,morajamie@lopez.com,19,2022-10-10 04:57:03
Dustin,Francis,michael89@gmail.com,34,2024-07-14 12:49:59
Ashley,Garcia,jenniferbrandt@winters.com,53,2022-10-22 11:43:22
Sandra,Knapp,helen27@hotmail.com,23,2022-11-04 21:48:01
Henry,Kelly,olewis@yahoo.com,24,2022-11-13 11:38:13
Kathleen,Edwards,stonetyler@yahoo.com,55,2025-05-20 22:43:32
Keith,Bowen,tristan64@burke-collins.info,34,2023-05-08 01:37:28
Angela,Roberts,melissajacobson@yahoo.com,80,2025-04-11 04:17:44
Michael,Smith,sandersalexandra@hotmail.com,31,2022-10-01 05:42:10
David,Foster,calvinhester@gonzalez-anthony.biz,19,2022-11-28 21:21:29
Jesse,Coleman,kathy99@yahoo.com,54,2025-02-15 08:13:07
Sherry,Kelly,jdixon@yahoo.com,78,2022-11-06 00:21:06
David,Burns,anthonyrojas@jimenez.com,79,2024-01-06 14:02:39
Cassandra,Murphy,wolfdonna@hotmail.com,74,2024-06-24 18:31:59
Laura,Harris,iwagner@yahoo.com,61,2024-09-07 20:50:02
Amy,Cisneros,hbeard@cole-farrell.info,41,2024-05-05 05:40:46
Barry,Thompson,travistaylor@hotmail.com,24,2024-01-16 14:25:29
Tony,Rodriguez,kalvarez@hotmail.com,50,2022-08-16 18:29:00
Peter,Simpson,katie45@gmail.com,79,2022-07-04 21:50:54
Brittany,Anderson,lisa90@hotmail.com,32,2023-11-03 07:25:05
Oscar,Patterson,qbell@gmail.com,26,2023-06-10 20:10:09
Jimmy,Collins,meltondanny@smith.com,69,2024-05-07 04:24:00
Diane,Henderson,andrew79@gmail.com,80,2023-09-25 20:57:44
Nicholas,Myers,rgarcia@rogers.com,27,2023-02-05 00:45:56
Christina,Cox,tylerboone@gmail.com,24,2024-08-31 13:47:35
Jason,Baker,nballard@hotmail.com,37,2022-10-12 00:53:21
Jennifer,Lane,carlos87@yahoo.com,37,2023-04-13 00:05:43
Michael,Jones,ryan85@gmail.com,56,2024-02-24 19:12:27
Richard,Weber,nicoleburton@hotmail.com,28,2023-03-07 23:07:42
Barbara,Lewis,sharon89@yahoo.com,49,2024-10-17 14:48:12
Jessica,Brown,steven32@jennings.com,33,2022-08-30 06:29:06
Cynthia,Singleton,debbie49@gmail.com,71,2024-02-11 16:13:54
John,Hernandez,lauracollins@castro-graham.com,46,2023-03-31 23:12:17
Erik,Taylor,donna20@hotmail.com,84,2024-06-14 21:57:14